<?xml version="1.0" encoding="UTF-8"?>

<hallgatok>

	<hallgato id="01">
		<keresztnev>Pál</keresztnev>
		<vezeteknev>Kiss</vezeteknev>
		<foglalkozas>Web Developer</foglalkozas>
	</hallgato>
	<hallgato id="02">
		<keresztnev>Piroska</keresztnev>
		<vezeteknev>Vígh</vezeteknev>
		<foglalkozas>Java Programozo</foglalkozas>
	</hallgato>
	<hallgato id="03">
		<keresztnev>Ferenc</keresztnev>
		<vezeteknev>Nagy</vezeteknev>
		<foglalkozas>associate professor</foglalkozas>
	</hallgato>
	
</hallgatok>