{"FIWXDX_orarend":{"ora":[{"targy":"Szoftvertesztelés","oktato":"Dr. Hornyák Olivér","szak":"Mérnökinformatikus","idopont":{"tol":"10","nap":"hétfő","ig":"12"},"helyszin":"Inf 103"},{"targy":"Szoftvertesztelés","oktato":"Dr. Hornyák Olivér","szak":"Mérnökinformatikus","idopont":{"tol":"12","nap":"hétfő","ig":"14"},"helyszin":"Inf 103"},{"targy":"Web technológiák 1","oktato":"Agárdi Anita","szak":"Mérnökinformatikus","idopont":{"tol":"14","nap":"hétfő","ig":"16"},"helyszin":"XXX. előadó"},{"targy":"Web technológiák 1","oktato":"Agárdi Anita","szak":"Mérnökinformatikus","idopont":{"tol":"10","nap":"hétfő","ig":"12"},"helyszin":"Inf 103"},{"targy":"Szoftvertesztelés","oktato":"Dr. Hornyák Olivér","szak":"Mérnökinformatikus","idopont":{"tol":"10","nap":"hétfő","ig":"12"},"helyszin":"Inf 103"},{"targy":"Szoftvertesztelés","oktato":"Dr. Hornyák Olivér","szak":"Mérnökinformatikus","idopont":{"tol":"10","nap":"hétfő","ig":"12"},"helyszin":"Inf 103"},{"targy":"Szoftvertesztelés","oktato":"Dr. Hornyák Olivér","szak":"Mérnökinformatikus","idopont":{"tol":"10","nap":"hétfő","ig":"12"},"helyszin":"Inf 103"},{"targy":"Szoftvertesztelés","oktato":"Dr. Hornyák Olivér","szak":"Mérnökinformatikus","idopont":{"tol":"10","nap":"hétfő","ig":"12"},"helyszin":"Inf 103"},{"targy":"Szoftvertesztelés","oktato":"Dr. Hornyák Olivér","szak":"Mérnökinformatikus","idopont":{"tol":"10","nap":"hétfő","ig":"12"},"helyszin":"Inf 103"},{"targy":"Szoftvertesztelés","oktato":"Dr. Hornyák Olivér","szak":"Mérnökinformatikus","idopont":{"tol":"10","nap":"hétfő","ig":"12"},"helyszin":"Inf 103"},{"targy":"Szoftvertesztelés","oktato":"Dr. Hornyák Olivér","szak":"Mérnökinformatikus","idopont":{"tol":"10","nap":"hétfő","ig":"12"},"helyszin":"Inf 103"}]}}